issuer,metric,period,raw,unit,currency,scope,basis
模拟公司A,revenue,2023,9600000.0000,元,CNY,合并,原报
模拟公司A,revenue_cost,2023,5760000.0000,元,CNY,合并,原报
模拟公司A,net_profit_parent,2023,960000.0000,元,CNY,合并,原报
模拟公司A,net_profit_parent_adjusted,2023,800000.0000,元,CNY,合并,原报
模拟公司A,operating_cash_flow,2023,480000.0000,元,CNY,合并,原报
模拟公司A,assets_total,2023,16000000.0000,元,CNY,合并,原报
模拟公司A,liabilities_total,2023,6400000.0000,元,CNY,合并,原报
模拟公司A,equity_total,2023,9600000.0000,元,CNY,合并,原报
模拟公司A,equity_parent,2023,9200000.0000,元,CNY,合并,原报
模拟公司A,cash,2023,1600000.0000,元,CNY,合并,原报
模拟公司A,capex,2023,640000.0000,元,CNY,合并,原报
模拟公司A,accounts_receivable,2023,1440000.0000,元,CNY,合并,原报
模拟公司A,inventory,2023,1280000.0000,元,CNY,合并,原报
模拟公司A,current_assets,2023,5200000.0000,元,CNY,合并,原报
模拟公司A,current_liabilities,2023,3200000.0000,元,CNY,合并,原报
模拟公司A,revenue,2024,12000000.0000,元,CNY,合并,原报
模拟公司A,revenue_cost,2024,7200000.0000,元,CNY,合并,原报
模拟公司A,net_profit_parent,2024,1200000.0000,元,CNY,合并,原报
模拟公司A,net_profit_parent_adjusted,2024,1000000.0000,元,CNY,合并,原报
模拟公司A,operating_cash_flow,2024,600000.0000,元,CNY,合并,原报
模拟公司A,assets_total,2024,20000000.0000,元,CNY,合并,原报
模拟公司A,liabilities_total,2024,8000000.0000,元,CNY,合并,原报
模拟公司A,equity_total,2024,12000000.0000,元,CNY,合并,原报
模拟公司A,equity_parent,2024,11500000.0000,元,CNY,合并,原报
模拟公司A,cash,2024,2000000.0000,元,CNY,合并,原报
模拟公司A,capex,2024,800000.0000,元,CNY,合并,原报
模拟公司A,accounts_receivable,2024,1800000.0000,元,CNY,合并,原报
模拟公司A,inventory,2024,1600000.0000,元,CNY,合并,原报
模拟公司A,current_assets,2024,6500000.0000,元,CNY,合并,原报
模拟公司A,current_liabilities,2024,4000000.0000,元,CNY,合并,原报
